Node,Cluster
V GUOWANG #1,Group40
V GUOWANG #2,Group3
V GUOWANG #3,Group31
V GUOWANG #4,Group31
V GUOWANG #5,Group31
V GUOWANG #6,Group25
V GUOWANG #7,Group25
V GUOWANG #8,Group25
V GUOWANG #9,Group25
V GUOWANG #10,Group25
V GUOWANG #11,Group20
V GUOWANG #12,Group20
V GUOWANG #13,Group20
V GUOWANG #14,Group20
V GUOWANG #15,Group29
V GUOWANG #16,Group29
V GUOWANG #17,Group24
V GUOWANG #18,Group24
V GUOWANG #19,Group38
V GUOWANG #20,Group38
V GUOWANG #21,Group38
V GUOWANG #22,Group32
V GUOWANG #23,Group32
V GUOWANG #24,Group32
V GUOWANG #25,Group32
V GUOWANG #26,Group11
V GUOWANG #27,Group11
V GUOWANG #28,Group11
V GUOWANG #29,Group40
V GUOWANG #30,Group17
V GUOWANG #31,Group37
V GUOWANG #32,Group37
V GUOWANG #33,Group37
V GUOWANG #34,Group28
V GUOWANG #35,Group28
V GUOWANG #36,Group28
V GUOWANG #37,Group12
V GUOWANG #38,Group12
V GUOWANG #39,Group12
V GUOWANG #40,Group12
V GUOWANG #41,Group20
V GUOWANG #42,Group20
V GUOWANG #43,Group10
V GUOWANG #44,Group10
V GUOWANG #45,Group10
V GUOWANG #46,Group24
V GUOWANG #47,Group24
V GUOWANG #48,Group24
V GUOWANG #49,Group16
V GUOWANG #50,Group16
V GUOWANG #51,Group16
V GUOWANG #52,Group5
V GUOWANG #53,Group5
V GUOWANG #54,Group39
V GUOWANG #55,Group39
V GUOWANG #56,Group39
V GUOWANG #57,Group11
V GUOWANG #58,Group17
V GUOWANG #59,Group17
V GUOWANG #60,Group40
V GUOWANG #61,Group3
V GUOWANG #62,Group3
V GUOWANG #63,Group3
V GUOWANG #64,Group31
V GUOWANG #65,Group25
V GUOWANG #66,Group25
V GUOWANG #67,Group25
V GUOWANG #68,Group25
V GUOWANG #69,Group34
V GUOWANG #70,Group34
V GUOWANG #71,Group6
V GUOWANG #72,Group6
V GUOWANG #73,Group6
V GUOWANG #74,Group29
V GUOWANG #75,Group29
V GUOWANG #76,Group29
V GUOWANG #77,Group38
V GUOWANG #78,Group38
V GUOWANG #79,Group38
V GUOWANG #80,Group38
V GUOWANG #81,Group32
V GUOWANG #82,Group32
V GUOWANG #83,Group32
V GUOWANG #84,Group32
V GUOWANG #85,Group11
V GUOWANG #86,Group11
V GUOWANG #87,Group11
V GUOWANG #88,Group40
V GUOWANG #89,Group40
V GUOWANG #90,Group8
V GUOWANG #91,Group21
V GUOWANG #92,Group21
V GUOWANG #93,Group21
V GUOWANG #94,Group15
V GUOWANG #95,Group15
V GUOWANG #96,Group7
V GUOWANG #97,Group7
V GUOWANG #98,Group34
V GUOWANG #99,Group34
V GUOWANG #100,Group18
V GUOWANG #101,Group18
V GUOWANG #102,Group26
V GUOWANG #103,Group26
V GUOWANG #104,Group26
V GUOWANG #105,Group13
V GUOWANG #106,Group13
V GUOWANG #107,Group27
V GUOWANG #108,Group27
V GUOWANG #109,Group27
V GUOWANG #110,Group27
V GUOWANG #111,Group14
V GUOWANG #112,Group14
V GUOWANG #113,Group14
V GUOWANG #114,Group4
V GUOWANG #115,Group4
V GUOWANG #116,Group23
V GUOWANG #117,Group23
V GUOWANG #118,Group8
V GUOWANG #119,Group8
V GUOWANG #120,Group8
V GUOWANG #121,Group21
V GUOWANG #122,Group21
V GUOWANG #123,Group21
V GUOWANG #124,Group15
V GUOWANG #125,Group15
V GUOWANG #126,Group7
V GUOWANG #127,Group7
V GUOWANG #128,Group34
V GUOWANG #129,Group34
V GUOWANG #130,Group18
V GUOWANG #131,Group18
V GUOWANG #132,Group26
V GUOWANG #133,Group26
V GUOWANG #134,Group26
V GUOWANG #135,Group13
V GUOWANG #136,Group13
V GUOWANG #137,Group27
V GUOWANG #138,Group2
V GUOWANG #139,Group2
V GUOWANG #140,Group2
V GUOWANG #141,Group14
V GUOWANG #142,Group14
V GUOWANG #143,Group4
V GUOWANG #144,Group4
V GUOWANG #145,Group4
V GUOWANG #146,Group23
V GUOWANG #147,Group23
V GUOWANG #148,Group8
V GUOWANG #149,Group8
V GUOWANG #150,Group8
V GUOWANG #151,Group21
V GUOWANG #152,Group21
V GUOWANG #153,Group31
V GUOWANG #154,Group15
V GUOWANG #155,Group15
V GUOWANG #156,Group7
V GUOWANG #157,Group7
V GUOWANG #158,Group34
V GUOWANG #159,Group34
V GUOWANG #160,Group6
V GUOWANG #161,Group6
V GUOWANG #162,Group6
V GUOWANG #163,Group26
V GUOWANG #164,Group13
V GUOWANG #165,Group13
V GUOWANG #166,Group13
V GUOWANG #167,Group2
V GUOWANG #168,Group2
V GUOWANG #169,Group2
V GUOWANG #170,Group2
V GUOWANG #171,Group14
V GUOWANG #172,Group14
V GUOWANG #173,Group4
V GUOWANG #174,Group4
V GUOWANG #175,Group23
V GUOWANG #176,Group23
V GUOWANG #177,Group23
V GUOWANG #178,Group8
V GUOWANG #179,Group8
V GUOWANG #180,Group19
V GUOWANG #181,Group19
V GUOWANG #182,Group19
V GUOWANG #183,Group19
V GUOWANG #184,Group1
V GUOWANG #185,Group1
V GUOWANG #186,Group1
V GUOWANG #187,Group1
V GUOWANG #188,Group1
V GUOWANG #189,Group1
V GUOWANG #190,Group22
V GUOWANG #191,Group22
V GUOWANG #192,Group22
V GUOWANG #193,Group22
V GUOWANG #194,Group22
V GUOWANG #195,Group22
V GUOWANG #196,Group9
V GUOWANG #197,Group9
V GUOWANG #198,Group9
V GUOWANG #199,Group9
V GUOWANG #200,Group9
V GUOWANG #201,Group36
V GUOWANG #202,Group36
V GUOWANG #203,Group36
V GUOWANG #204,Group36
V GUOWANG #205,Group33
V GUOWANG #206,Group33
V GUOWANG #207,Group33
V GUOWANG #208,Group33
V GUOWANG #209,Group33
V GUOWANG #210,Group36
V GUOWANG #211,Group36
V GUOWANG #212,Group36
V GUOWANG #213,Group36
V GUOWANG #214,Group36
V GUOWANG #215,Group33
V GUOWANG #216,Group33
V GUOWANG #217,Group33
V GUOWANG #218,Group19
V GUOWANG #219,Group19
V GUOWANG #220,Group19
V GUOWANG #221,Group19
V GUOWANG #222,Group19
V GUOWANG #223,Group19
V GUOWANG #224,Group1
V GUOWANG #225,Group1
V GUOWANG #226,Group1
V GUOWANG #227,Group1
V GUOWANG #228,Group1
V GUOWANG #229,Group22
V GUOWANG #230,Group22
V GUOWANG #231,Group22
V GUOWANG #232,Group22
V GUOWANG #233,Group22
V GUOWANG #234,Group22
V GUOWANG #235,Group9
V GUOWANG #236,Group9
V GUOWANG #237,Group9
V GUOWANG #238,Group9
V GUOWANG #239,Group9
V GUOWANG #240,Group27
V GUOWANG #241,Group14
V GUOWANG #242,Group14
V GUOWANG #243,Group32
V GUOWANG #244,Group32
V GUOWANG #245,Group23
V GUOWANG #246,Group23
V GUOWANG #247,Group23
V GUOWANG #248,Group8
V GUOWANG #249,Group8
V GUOWANG #250,Group8
V GUOWANG #251,Group21
V GUOWANG #252,Group31
V GUOWANG #253,Group31
V GUOWANG #254,Group31
V GUOWANG #255,Group31
V GUOWANG #256,Group25
V GUOWANG #257,Group25
V GUOWANG #258,Group25
V GUOWANG #259,Group18
V GUOWANG #260,Group18
V GUOWANG #261,Group18
V GUOWANG #262,Group18
V GUOWANG #263,Group26
V GUOWANG #264,Group26
V GUOWANG #265,Group13
V GUOWANG #266,Group13
V GUOWANG #267,Group13
V GUOWANG #268,Group27
V GUOWANG #269,Group27
V GUOWANG #270,Group16
V GUOWANG #271,Group16
V GUOWANG #272,Group5
V GUOWANG #273,Group5
V GUOWANG #274,Group39
V GUOWANG #275,Group39
V GUOWANG #276,Group39
V GUOWANG #277,Group17
V GUOWANG #278,Group17
V GUOWANG #279,Group17
V GUOWANG #280,Group17
V GUOWANG #281,Group37
V GUOWANG #282,Group37
V GUOWANG #283,Group37
V GUOWANG #284,Group28
V GUOWANG #285,Group28
V GUOWANG #286,Group28
V GUOWANG #287,Group12
V GUOWANG #288,Group12
V GUOWANG #289,Group12
V GUOWANG #290,Group12
V GUOWANG #291,Group20
V GUOWANG #292,Group20
V GUOWANG #293,Group10
V GUOWANG #294,Group10
V GUOWANG #295,Group29
V GUOWANG #296,Group24
V GUOWANG #297,Group24
V GUOWANG #298,Group24
V GUOWANG #299,Group16
V GUOWANG #300,Group38
V GUOWANG #301,Group32
V GUOWANG #302,Group32
V GUOWANG #303,Group32
V GUOWANG #304,Group11
V GUOWANG #305,Group11
V GUOWANG #306,Group11
V GUOWANG #307,Group11
V GUOWANG #308,Group40
V GUOWANG #309,Group40
V GUOWANG #310,Group40
V GUOWANG #311,Group3
V GUOWANG #312,Group3
V GUOWANG #313,Group3
V GUOWANG #314,Group28
V GUOWANG #315,Group28
V GUOWANG #316,Group28
V GUOWANG #317,Group12
V GUOWANG #318,Group12
V GUOWANG #319,Group12
V GUOWANG #320,Group20
V GUOWANG #321,Group20
V GUOWANG #322,Group20
V GUOWANG #323,Group29
V GUOWANG #324,Group29
V GUOWANG #325,Group29
V GUOWANG #326,Group29
V GUOWANG #327,Group38
V GUOWANG #328,Group38
V GUOWANG #329,Group38
V GUOWANG #330,Group14
V GUOWANG #331,Group14
V GUOWANG #332,Group14
V GUOWANG #333,Group4
V GUOWANG #334,Group4
V GUOWANG #335,Group23
V GUOWANG #336,Group23
V GUOWANG #337,Group23
V GUOWANG #338,Group8
V GUOWANG #339,Group8
V GUOWANG #340,Group8
V GUOWANG #341,Group21
V GUOWANG #342,Group21
V GUOWANG #343,Group21
V GUOWANG #344,Group15
V GUOWANG #345,Group15
V GUOWANG #346,Group7
V GUOWANG #347,Group7
V GUOWANG #348,Group34
V GUOWANG #349,Group34
V GUOWANG #350,Group34
V GUOWANG #351,Group6
V GUOWANG #352,Group26
V GUOWANG #353,Group26
V GUOWANG #354,Group26
V GUOWANG #355,Group13
V GUOWANG #356,Group13
V GUOWANG #357,Group27
V GUOWANG #358,Group27
V GUOWANG #359,Group27
V GUOWANG #360,Group14
V GUOWANG #361,Group14
V GUOWANG #362,Group14
V GUOWANG #363,Group4
V GUOWANG #364,Group4
V GUOWANG #365,Group23
V GUOWANG #366,Group23
V GUOWANG #367,Group23
V GUOWANG #368,Group8
V GUOWANG #369,Group8
V GUOWANG #370,Group8
V GUOWANG #371,Group21
V GUOWANG #372,Group21
V GUOWANG #373,Group21
V GUOWANG #374,Group15
V GUOWANG #375,Group15
V GUOWANG #376,Group7
V GUOWANG #377,Group7
V GUOWANG #378,Group34
V GUOWANG #379,Group34
V GUOWANG #380,Group34
V GUOWANG #381,Group6
V GUOWANG #382,Group6
V GUOWANG #383,Group26
V GUOWANG #384,Group26
V GUOWANG #385,Group13
V GUOWANG #386,Group13
V GUOWANG #387,Group27
V GUOWANG #388,Group27
V GUOWANG #389,Group27
V GUOWANG #390,Group2
V GUOWANG #391,Group14
V GUOWANG #392,Group14
V GUOWANG #393,Group4
V GUOWANG #394,Group4
V GUOWANG #395,Group23
V GUOWANG #396,Group23
V GUOWANG #397,Group23
V GUOWANG #398,Group8
V GUOWANG #399,Group8
V GUOWANG #400,Group8
V GUOWANG #401,Group21
V GUOWANG #402,Group21
V GUOWANG #403,Group31
V GUOWANG #404,Group15
V GUOWANG #405,Group15
V GUOWANG #406,Group7
V GUOWANG #407,Group7
V GUOWANG #408,Group34
V GUOWANG #409,Group34
V GUOWANG #410,Group6
V GUOWANG #411,Group6
V GUOWANG #412,Group6
V GUOWANG #413,Group6
V GUOWANG #414,Group13
V GUOWANG #415,Group13
V GUOWANG #416,Group13
V GUOWANG #417,Group2
V GUOWANG #418,Group2
V GUOWANG #419,Group2
V GUOWANG #420,Group14
V GUOWANG #421,Group14
V GUOWANG #422,Group4
V GUOWANG #423,Group4
V GUOWANG #424,Group4
V GUOWANG #425,Group33
V GUOWANG #426,Group33
V GUOWANG #427,Group33
V GUOWANG #428,Group8
V GUOWANG #429,Group8
V GUOWANG #430,Group21
V GUOWANG #431,Group21
V GUOWANG #432,Group21
V GUOWANG #433,Group15
V GUOWANG #434,Group15
V GUOWANG #435,Group35
V GUOWANG #436,Group35
V GUOWANG #437,Group35
V GUOWANG #438,Group18
V GUOWANG #439,Group18
V GUOWANG #440,Group18
V GUOWANG #441,Group26
V GUOWANG #442,Group26
V GUOWANG #443,Group26
V GUOWANG #444,Group13
V GUOWANG #445,Group13
V GUOWANG #446,Group27
V GUOWANG #447,Group27
V GUOWANG #448,Group27
V GUOWANG #449,Group14
V GUOWANG #450,Group33
V GUOWANG #451,Group33
V GUOWANG #452,Group33
V GUOWANG #453,Group19
V GUOWANG #454,Group19
V GUOWANG #455,Group19
V GUOWANG #456,Group19
V GUOWANG #457,Group1
V GUOWANG #458,Group1
V GUOWANG #459,Group1
V GUOWANG #460,Group35
V GUOWANG #461,Group35
V GUOWANG #462,Group35
V GUOWANG #463,Group35
V GUOWANG #464,Group35
V GUOWANG #465,Group35
V GUOWANG #466,Group35
V GUOWANG #467,Group30
V GUOWANG #468,Group30
V GUOWANG #469,Group30
V GUOWANG #470,Group30
V GUOWANG #471,Group30
V GUOWANG #472,Group30
V GUOWANG #473,Group30
V GUOWANG #474,Group9
V GUOWANG #475,Group9
V GUOWANG #476,Group9
V GUOWANG #477,Group33
V GUOWANG #478,Group33
V GUOWANG #479,Group33
